{
    "128,128": [
        128,
        128,
        17.07360571648
    ],
    "128,256": [
        128,
        256,
        9.1601173235
    ],
    "128,512": [
        128,
        512,
        5.16973367942
    ],
    "128,1024": [
        128,
        1024,
        3.29417439714
    ],
    "128,2048": [
        128,
        2048,
        2.36427554798
    ],
    "128,4096": [
        128,
        4096,
        1.8710515181
    ],
    "128,8192": [
        128,
        8192,
        1.69452111558
    ],
    "128,16384": [
        128,
        16384,
        1.55097955254
    ],
    "256,128": [
        256,
        128,
        8.954702618639999
    ],
    "256,256": [
        256,
        256,
        4.78570626964
    ],
    "256,512": [
        256,
        512,
        2.9560893336800005
    ],
    "256,1024": [
        256,
        1024,
        1.9775932921200001
    ],
    "256,2048": [
        256,
        2048,
        1.5427143899
    ],
    "256,4096": [
        256,
        4096,
        1.32901067258
    ],
    "256,8192": [
        256,
        8192,
        1.20103870756
    ],
    "256,16384": [
        256,
        16384,
        1.13201067178
    ],
    "512,128": [
        512,
        128,
        4.59850603438
    ],
    "512,256": [
        512,
        256,
        2.7792263277
    ],
    "512,512": [
        512,
        512,
        1.84274131836
    ],
    "512,1024": [
        512,
        1024,
        1.3280742321799999
    ],
    "512,2048": [
        512,
        2048,
        1.1353071841
    ],
    "512,4096": [
        512,
        4096,
        1.01472121848
    ],
    "512,8192": [
        512,
        8192,
        0.9642963509400001
    ],
    "512,16384": [
        512,
        16384,
        0.9449795641200001
    ],
    "1024,128": [
        1024,
        128,
        2.73672408528
    ],
    "1024,256": [
        1024,
        256,
        1.72318096958
    ],
    "1024,512": [
        1024,
        512,
        1.2681400875000002
    ],
    "1024,1024": [
        1024,
        1024,
        1.03662583868
    ],
    "1024,2048": [
        1024,
        2048,
        0.95697208332
    ],
    "1024,4096": [
        1024,
        4096,
        0.9410876332200001
    ],
    "1024,8192": [
        1024,
        8192,
        0.8837602252600001
    ],
    "1024,16384": [
        1024,
        16384,
        0.85492634624
    ],
    "2048,128": [
        2048,
        128,
        1.7250043172800003
    ],
    "2048,256": [
        2048,
        256,
        1.23069009546
    ],
    "2048,512": [
        2048,
        512,
        0.98279549124
    ],
    "2048,1024": [
        2048,
        1024,
        0.8781582454400001
    ],
    "2048,2048": [
        2048,
        2048,
        0.8586239263200001
    ],
    "2048,4096": [
        2048,
        4096,
        0.8437195012400001
    ],
    "2048,8192": [
        2048,
        8192,
        0.8151267104200001
    ],
    "2048,16384": [
        2048,
        16384,
        0.8003976898200001
    ],
    "4096,128": [
        4096,
        128,
        1.2282888303400001
    ],
    "4096,256": [
        4096,
        256,
        0.988667269
    ],
    "4096,512": [
        4096,
        512,
        0.8456622893600001
    ],
    "4096,1024": [
        4096,
        1024,
        0.8896607727
    ],
    "4096,2048": [
        4096,
        2048,
        0.8580162141400001
    ],
    "4096,4096": [
        4096,
        4096,
        0.80891094752
    ],
    "4096,8192": [
        4096,
        8192,
        0.8062286857200001
    ],
    "4096,16384": [
        4096,
        16384,
        0.79748603028
    ],
    "8192,128": [
        8192,
        128,
        1.28130817068
    ],
    "8192,256": [
        8192,
        256,
        1.47907094138
    ],
    "8192,512": [
        8192,
        512,
        0.8897155688000001
    ],
    "8192,1024": [
        8192,
        1024,
        2.5163837721999998
    ],
    "8192,2048": [
        8192,
        2048,
        0.89095678678
    ],
    "8192,4096": [
        8192,
        4096,
        0.8263188259
    ],
    "8192,8192": [
        8192,
        8192,
        0.81195629138
    ],
    "8192,16384": [
        8192,
        16384,
        0.7961193682800001
    ],
    "16384,128": [
        16384,
        128,
        1.17681028018
    ],
    "16384,256": [
        16384,
        256,
        1.3537264011799999
    ],
    "16384,512": [
        16384,
        512,
        0.89116149268
    ],
    "16384,1024": [
        16384,
        1024,
        2.28092289226
    ],
    "16384,2048": [
        16384,
        2048,
        0.93960489838
    ],
    "16384,4096": [
        16384,
        4096,
        0.8601125512400001
    ],
    "16384,8192": [
        16384,
        8192,
        0.8472700216800001
    ],
    "16384,16384": [
        16384,
        16384,
        0.84969155042
    ]
}